{
  "n_points": 131507,
  "n_surface_points": 4398,
  "n_train_surface": 3078,
  "n_val_surface": 660,
  "n_test_surface": 660,
  "ambient_c": 64.99995422363281,
  "temp_scale": 86.9205322265625,
  "time_values": [
    0.0,
    1.0,
    2.0,
    3.0,
    4.0,
    5.0,
    6.0,
    7.0,
    8.0,
    9.0,
    10.0,
    11.0,
    12.0
  ],
  "power_values": [
    0.0,
    10.0,
    20.0,
    30.0,
    40.0,
    50.0,
    60.0,
    70.0,
    80.0,
    90.0,
    100.0,
    110.0,
    114.0
  ],
  "surface_z": 0.005826999898999929,
  "chip_bottom": 0.005326999817043543,
  "solder_bottom": 0.005007000174373388,
  "solder_top": 0.005326999817043543,
  "hot_centers_xy": [
    [
      -0.031171659007668495,
      -0.0020327153615653515
    ],
    [
      0.013335811905562878,
      -0.00274480227380991
    ]
  ],
  "hot_sigmas_xy": [
    0.011485198512673378,
    0.008673913776874542
  ],
  "nominal_solder_k_wmk": 50.0
}